Short/abusalem.tst	A	4
Short/arnold.tst	C	1
Short/arr.tst	A	1000
Short/branchTo.tst	A	1000
Short/bug_732.tst	A	1000
Short/bug_apply.tst	A	1000
Short/bug_arr.tst	A	304
Short/bug_bucket.tst	A	1000
Short/bug_content.tst	A	1000
Short/bug_curvepar.tst	A	223
Short/bug_division_2.tst	A	1000
Short/bug_dump.tst	A	1000
Short/bug_ecart.tst	A	1000
Short/bug_genus_etc.tst	A	18
Short/bug_heuristic.tst	A	3
Short/bug_hilb.tst	A	61
Short/bug_imap_alg.tst	A	45
Short/bug_liftstd2.tst	A	417
Short/bug_liftstd4.tst	A	1000
Short/bug_liftstd5.tst	A	1000
Short/bug_mem_Z.tst	A	1000
Short/bug_minpoly2.tst	A	417
Short/bug_minpoly_frac.tst	A	1000
Short/bug_minpoly.tst	A	1000
Short/bug_misc.tst	A	1000
Short/bug_mod.tst	A	1000
Short/bug_mpresmat.tst	A	1000
Short/bug_naGreater.tst	A	1000
Short/bug_newstruct3.tst	A	1000
Short/bug_newstruct4.tst	A	1000
Short/bug_newstruct5.tst	A	1000
Short/bug_newstruct6.tst	A	257
Short/bug_newstruct.tst	A	1000
Short/bug_normalize.tst	A	1000
Short/bug_opposite.tst	A	1000
Short/bug_orderM.tst	A	1000
Short/bug_OrdSgn.tst	A	1000
Short/bug_paraplanecurve.tst	A	125
Short/bug_pr1249.tst	A	1000
Short/bug_pr1252.tst	A	304
Short/bug_prim.tst	A	48
Short/bug_printres.tst	A	1000
Short/bug_qring2.tst	A	7
Short/bug_ringlist_M.tst	A	1000
Short/bug_ringlist.tst	A	1000
Short/bug_ring_red.tst	A	1000
Short/bug_ring.tst	A	1000
Short/bug_sca.tst	A	417
Short/bug_sheafcoh.tst	A	264
Short/bug_slimsyz.tst	A	1000
Short/bug_solve.tst	A	323
Short/bug_ssi_algring.tst	A	1000
Short/bug_ssi_attr.tst	A	1000
Short/bug_subst.tst	A	1000
Short/bug_tr237.tst	A	1000
Short/bug_tr276.tst	C	1
Short/bug_tr339.tst	A	1000
Short/bug_tr393.tst	A	1000
Short/bug_tr488.tst	B	109
Short/bug_tr501.tst	A	1000
Short/bug_tr559.tst	A	1000
Short/bug_tr587.tst	A	1000
Short/bug_tr599.tst	A	1000
Short/bug_tr604.tst	A	78
Short/bug_tr627.tst	A	1000
Short/bug_tr630.tst	A	1000
Short/bug_tr634.tst	A	27
Short/bug_tr640.tst	A	95
Short/bug_tr641.tst	A	80
Short/bug_tr650.tst	A	1000
Short/bug_tr657.tst	A	334
Short/bug_tr659.tst	A	6
Short/bug_tr660.tst	A	85
Short/bug_tr661.tst	A	69
Short/bug_tr662.tst	A	28
Short/bug_tr664.tst	A	22
Short/bug_tr665.tst	A	31
Short/bug_tr666.tst	A	113
Short/bug_tr667.tst	A	2
Short/bug_tr668.tst	A	1000
Short/bug_tr671.tst	A	122
Short/bug_tr678_680.tst	A	19
Short/bug_tr679.tst	A	4
Short/bug_tr682.tst	A	164
Short/bug_tr686.tst	A	79
Short/bug_tr690.tst	A	1000
Short/bug_tr696.tst	A	1000
Short/bug_tr703.tst	A	1000
Short/bug_tr704.tst	A	228
Short/bug_tr707.tst	A	68
Short/bug_tr709.tst	A	106
Short/bug_tr712.tst	A	1000
Short/bug_tr719.tst	A	1000
Short/bug_tr723.tst	A	1000
Short/bug_tr724.tst	A	50
Short/bug_tr735.tst	A	1000
Short/bug_tr738.tst	A	1000
Short/bug_tr739.tst	A	1000
Short/bug_tr745.tst	A	1000
Short/bug_tr753.tst	A	1000
Short/bug_tr758.tst	A	110
Short/bug_tr759.tst	A	1000
Short/bug_tr760_761.tst	A	400
Short/bug_tr762.tst	A	1000
Short/bug_tr768.tst	A	145
Short/bug_tr773.tst	A	400
Short/bug_tr774.tst	A	1000
Short/bug_tr778.tst	A	213
Short/bug_tr779.tst	A	1000
Short/bug_tr785.tst	A	1000
Short/bug_tr806.tst	A	667
Short/bug_tr820.tst	A	56
Short/bug_tr822.tst	A	1000
Short/bug_tr834.tst	A	1000
Short/bug_tr844.tst	A	1000
Short/bug_tr865.tst	A	42
Short/bug_tr873.tst	A	1000
Short/bug_tr874.tst	A	400
Short/bug_zp.tst	A	1000
Short/combinat.tst	A	834
Short/conv_bi.tst	A	1000
Short/facstd.tst	A	2
Short/fermat_gcd_1var.tst	A	334
Short/fermat_gcd_2var.tst	A	6
Short/fermat_gcd_3var.tst	A	2
Short/fermat_gcd_4var.tst	A	2
Short/fermat_gcd_mod_1var.tst	A	193
Short/fermat_gcd_mod_2var.tst	A	10
Short/fermat_gcd_mod_3var.tst	A	9
Short/fermat_gcd_mod_4var.tst	A	8
Short/fres_s.tst	C	1
Short/gcd2test.tst	A	27
Short/gcd3primtest.tst	A	66
Short/gcd3test.tst	A	145
Short/gcd4test.tst	A	109
Short/gcd5primtest.tst	A	95
Short/gcd5test.tst	C	1
Short/gcd_univar_p_alpha_s.tst	A	3
Short/gcd_univar_p_s.tst	A	417
Short/gmssin_s.tst	A	64
Short/homalg.tst	A	4
Short/invar_lib.tst	A	2
Short/issue1277.tst	A	176
Short/issue1284.tst	A	1000
Short/issue1285.tst	A	1000
Short/issue1293.tst	A	1000
Short/liftstd_m.tst	A	1000
Short/methods.tst	A	1000
Short/modules.tst	A	20
Short/ncfactor_buginterchange2_s.tst	A	13
Short/ncfactor_buginterchange_s.tst	A	4
Short/ncfactor_facNthShift1_s.tst	A	7
Short/ncfactor_facSubWeyl1_s.tst	A	15
Short/ncfactor_facSubWeyl2_s.tst	A	15
Short/ncfactor_facSubWeyl3_s.tst	A	13
Short/ncfactor_facSubWeyl4_s.tst	A	13
Short/ncfactor_landau_ex_s.tst	A	3
Short/ncfactor_multipleFacsSameTopAndBottom_s.tst	A	2
Short/ncfactor_nthweylringalt2_s.tst	A	16
Short/ncfactor_nthweylringalt_s.tst	A	3
Short/ncfactor_SingerEx_s.tst	A	91
Short/ncfactor_usl2_reducible_bug_s.tst	A	3
Short/ncfactor_usl2_s.tst	A	23
Short/nchilb_rcolon1.tst	A	257
Short/nchilb_test1.tst	A	250
Short/nchilb_test2.tst	A	257
Short/nchilb_test3.tst	A	264
Short/nchilb_test4.tst	A	250
Short/nchilb_test5.tst	A	228
Short/nets.tst	A	91
Short/polyclass.tst	A	295
Short/poly_div.tst	A	1000
Short/primdec3.tst	C	1
Short/puiseuxexpansion.tst	A	73
Short/reesclos.tst	A	8
Short/resources_s.tst	A	1000
Short/sagbi2.tst	A	19
Short/sets.tst	A	304
Short/ssi_ringref.tst	A	1000
Short/ssi_Z.tst	A	1000
Short/vdim_overflow.tst	A	3
