test_name,class,iterations,total_time_ms,per_iter_ms,clean_exit,list_file
Short/arr.tst,A,1000,35,0,yes,Short/ok_s.lst
Short/arnold.tst,C,1,148803,148803,yes,Short/ok_s.lst
Short/abusalem.tst,A,4,10004,2501,yes,Short/ok_s.lst
Short/branchTo.tst,A,1000,290,0,yes,Short/ok_s.lst
Short/bug_apply.tst,A,1000,47,0,yes,Short/ok_s.lst
Short/bug_arr.tst,A,304,1911,6,yes,Short/ok_s.lst
Short/bug_bucket.tst,A,1000,908,0,yes,Short/ok_s.lst
Short/bug_content.tst,A,1000,351,0,yes,Short/ok_s.lst
Short/bug_curvepar.tst,A,223,1889,8,yes,Short/ok_s.lst
Short/bug_division_2.tst,A,1000,201,0,yes,Short/ok_s.lst
Short/bug_dump.tst,A,1000,325,0,yes,Short/ok_s.lst
Short/bug_ecart.tst,A,1000,281,0,yes,Short/ok_s.lst
Short/bug_heuristic.tst,A,3,13070,4356,yes,Short/ok_s.lst
Short/bug_heuristic.tst,A,3,13079,4359,yes,Short/ok_s.lst
Short/bug_hilb.tst,A,61,10675,175,yes,Short/ok_s.lst
Short/bug_imap_alg.tst,A,45,7121,158,yes,Short/ok_s.lst
Short/bug_liftstd2.tst,A,417,927,2,yes,Short/ok_s.lst
Short/bug_liftstd4.tst,A,1000,237,0,yes,Short/ok_s.lst
Short/bug_liftstd5.tst,A,1000,486,0,yes,Short/ok_s.lst
Short/bug_mem_Z.tst,A,1000,735,0,yes,Short/ok_s.lst
Short/bug_misc.tst,A,1000,3,0,yes,Short/ok_s.lst
Short/bug_minpoly.tst,A,1000,1,0,yes,Short/ok_s.lst
Short/bug_minpoly2.tst,A,417,1005,2,yes,Short/ok_s.lst
Short/bug_minpoly_frac.tst,A,1000,95,0,yes,Short/ok_s.lst
Short/bug_mod.tst,A,1000,0,0,yes,Short/ok_s.lst
Short/bug_mpresmat.tst,A,1000,2,0,yes,Short/ok_s.lst
Short/bug_naGreater.tst,A,1000,89,0,yes,Short/ok_s.lst
Short/bug_newstruct.tst,A,1000,1,0,yes,Short/ok_s.lst
Short/bug_newstruct3.tst,A,1000,0,0,yes,Short/ok_s.lst
Short/bug_newstruct4.tst,A,1000,0,0,yes,Short/ok_s.lst
Short/bug_newstruct5.tst,A,1000,1,0,yes,Short/ok_s.lst
Short/bug_newstruct6.tst,A,257,3168,12,yes,Short/ok_s.lst
Short/bug_normalize.tst,A,1000,53,0,yes,Short/ok_s.lst
Short/bug_opposite.tst,A,1000,329,0,yes,Short/ok_s.lst
Short/bug_OrdSgn.tst,A,1000,63,0,yes,Short/ok_s.lst
Short/bug_orderM.tst,A,1000,135,0,yes,Short/ok_s.lst
Short/bug_prim.tst,A,48,7923,165,yes,Short/ok_s.lst
Short/bug_printres.tst,A,1000,606,0,yes,Short/ok_s.lst
Short/bug_paraplanecurve.tst,A,125,2043,16,yes,Short/ok_s.lst
Short/bug_qring2.tst,A,7,8369,1195,yes,Short/ok_s.lst
Short/bug_ring.tst,A,1000,0,0,yes,Short/ok_s.lst
Short/bug_ring_red.tst,A,1000,1321,1,yes,Short/ok_s.lst
Short/bug_ringlist.tst,A,1000,283,0,yes,Short/ok_s.lst
Short/bug_ringlist_M.tst,A,1000,524,0,yes,Short/ok_s.lst
Short/bug_sca.tst,A,417,901,2,yes,Short/ok_s.lst
Short/bug_sheafcoh.tst,A,264,2339,8,yes,Short/ok_s.lst
Short/bug_slimsyz.tst,A,1000,205,0,yes,Short/ok_s.lst
Short/bug_solve.tst,A,323,2174,6,yes,Short/ok_s.lst
Short/bug_ssi_algring.tst,A,1000,730,0,yes,Short/ok_s.lst
Short/bug_ssi_attr.tst,A,1000,160,0,yes,Short/ok_s.lst
Short/bug_subst.tst,A,1000,118,0,yes,Short/ok_s.lst
Short/bug_zp.tst,A,1000,0,0,yes,Short/ok_s.lst
Short/bug_pr1249.tst,A,1000,82,0,yes,Short/ok_s.lst
Short/bug_tr237.tst,A,1000,1228,1,yes,Short/ok_s.lst
Short/bug_tr276.tst,C,1,21607,21607,yes,Short/ok_s.lst
Short/bug_tr339.tst,A,1000,1701,1,yes,Short/ok_s.lst
Short/bug_tr393.tst,A,1000,785,0,yes,Short/ok_s.lst
Short/bug_tr488.tst,B,109,0,0,yes,Short/ok_s.lst
Short/bug_tr501.tst,A,1000,4911,4,yes,Short/ok_s.lst
Short/bug_tr559.tst,A,1000,486,0,yes,Short/ok_s.lst
Short/bug_tr587.tst,A,1000,1002,1,yes,Short/ok_s.lst
Short/bug_tr599.tst,A,1000,0,0,yes,Short/ok_s.lst
Short/bug_tr604.tst,A,78,7446,95,yes,Short/ok_s.lst
Short/bug_tr627.tst,A,1000,308,0,yes,Short/ok_s.lst
Short/bug_tr630.tst,A,1000,0,0,yes,Short/ok_s.lst
Short/bug_tr634.tst,A,27,8261,305,yes,Short/ok_s.lst
Short/bug_tr640.tst,A,95,7044,74,yes,Short/ok_s.lst
Short/bug_tr641.tst,A,80,7151,89,yes,Short/ok_s.lst
Short/bug_tr650.tst,A,1000,148,0,yes,Short/ok_s.lst
Short/bug_tr657.tst,A,334,8301,24,yes,Short/ok_s.lst
Short/bug_tr659.tst,A,6,10513,1752,yes,Short/ok_s.lst
Short/bug_tr660.tst,A,85,7265,85,yes,Short/ok_s.lst
Short/bug_tr661.tst,A,69,7507,108,yes,Short/ok_s.lst
Short/bug_tr662.tst,A,28,8398,299,yes,Short/ok_s.lst
Short/bug_tr664.tst,A,22,8557,388,yes,Short/ok_s.lst
Short/bug_tr665.tst,A,31,8419,271,yes,Short/ok_s.lst
Short/bug_tr666.tst,A,113,6811,60,yes,Short/ok_s.lst
Short/bug_tr667.tst,A,2,16760,8380,yes,Short/ok_s.lst
Short/bug_tr668.tst,A,1000,188,0,yes,Short/ok_s.lst
Short/bug_tr671.tst,A,122,8530,69,yes,Short/ok_s.lst
Short/bug_tr678_680.tst,A,19,8639,454,yes,Short/ok_s.lst
Short/bug_tr679.tst,A,4,9408,2352,yes,Short/ok_s.lst
Short/bug_tr682.tst,A,164,5964,36,yes,Short/ok_s.lst
Short/bug_tr686.tst,A,79,7354,93,yes,Short/ok_s.lst
Short/bug_tr690.tst,A,1000,2212,2,yes,Short/ok_s.lst
Short/bug_tr696.tst,A,1000,106,0,yes,Short/ok_s.lst
Short/bug_tr703.tst,A,1000,599,0,yes,Short/ok_s.lst
Short/bug_tr704.tst,A,228,5273,23,yes,Short/ok_s.lst
Short/bug_tr707.tst,A,68,7584,111,yes,Short/ok_s.lst
Short/bug_tr709.tst,A,106,6183,58,yes,Short/ok_s.lst
Short/bug_tr712.tst,A,1000,386,0,yes,Short/ok_s.lst
Short/bug_tr719.tst,A,1000,804,0,yes,Short/ok_s.lst
Short/bug_tr723.tst,A,1000,897,0,yes,Short/ok_s.lst
Short/bug_tr724.tst,A,50,7856,157,yes,Short/ok_s.lst
Short/bug_732.tst,A,1000,196,0,yes,Short/ok_s.lst
Short/bug_tr735.tst,A,1000,1091,1,yes,Short/ok_s.lst
Short/bug_tr738.tst,A,1000,58,0,yes,Short/ok_s.lst
Short/bug_tr739.tst,A,1000,2161,2,yes,Short/ok_s.lst
Short/bug_tr745.tst,A,1000,59,0,yes,Short/ok_s.lst
Short/bug_tr753.tst,A,1000,321,0,yes,Short/ok_s.lst
Short/bug_tr758.tst,A,110,1851,16,yes,Short/ok_s.lst
Short/bug_tr759.tst,A,1000,0,0,yes,Short/ok_s.lst
Short/bug_tr760_761.tst,A,400,1211,3,yes,Short/ok_s.lst
Short/bug_tr762.tst,A,1000,169,0,yes,Short/ok_s.lst
Short/bug_tr768.tst,A,145,4644,32,yes,Short/ok_s.lst
Short/bug_tr773.tst,A,400,1137,2,yes,Short/ok_s.lst
Short/bug_tr774.tst,A,1000,0,0,yes,Short/ok_s.lst
Short/bug_tr778.tst,A,213,5537,25,yes,Short/ok_s.lst
Short/bug_tr779.tst,A,1000,223,0,yes,Short/ok_s.lst
Short/bug_tr785.tst,A,1000,1028,1,yes,Short/ok_s.lst
Short/bug_tr806.tst,A,667,6494,9,yes,Short/ok_s.lst
Short/bug_tr820.tst,A,56,5664,101,yes,Short/ok_s.lst
Short/bug_tr822.tst,A,1000,675,0,yes,Short/ok_s.lst
Short/bug_tr834.tst,A,1000,69,0,yes,Short/ok_s.lst
Short/bug_tr844.tst,A,1000,0,0,yes,Short/ok_s.lst
Short/bug_tr865.tst,A,42,8083,192,yes,Short/ok_s.lst
Short/bug_tr873.tst,A,1000,1013,1,yes,Short/ok_s.lst
Short/bug_tr874.tst,A,400,799,1,yes,Short/ok_s.lst
Short/bug_genus_etc.tst,A,18,8279,459,yes,Short/ok_s.lst
Short/conv_bi.tst,A,1000,342,0,yes,Short/ok_s.lst
Short/facstd.tst,A,2,10883,5441,yes,Short/ok_s.lst
Short/fermat_gcd_1var.tst,A,334,7887,23,yes,Short/ok_s.lst
Short/fermat_gcd_2var.tst,A,6,32253,5375,yes,Short/ok_s.lst
Short/fermat_gcd_3var.tst,A,2,109806,54903,yes,Short/ok_s.lst
Short/fermat_gcd_4var.tst,A,2,135981,67990,yes,Short/ok_s.lst
Short/fermat_gcd_mod_1var.tst,A,193,8690,45,yes,Short/ok_s.lst
Short/fermat_gcd_mod_2var.tst,A,10,32352,3235,yes,Short/ok_s.lst
Short/fermat_gcd_mod_3var.tst,A,9,38225,4247,yes,Short/ok_s.lst
Short/fermat_gcd_mod_4var.tst,A,8,24339,3042,yes,Short/ok_s.lst
Short/fres_s.tst,C,1,15201,15201,yes,Short/ok_s.lst
Short/gcd2test.tst,A,27,26003,963,yes,Short/ok_s.lst
Short/gcd3primtest.tst,A,66,8442,127,yes,Short/ok_s.lst
Short/gcd3test.tst,A,145,8425,58,yes,Short/ok_s.lst
Short/gcd4test.tst,A,109,9448,86,yes,Short/ok_s.lst
Short/gcd5primtest.tst,A,95,7828,82,yes,Short/ok_s.lst
Short/gcd5test.tst,C,1,38202,38202,yes,Short/ok_s.lst
Short/gcd_univar_p_s.tst,A,417,6714,16,yes,Short/ok_s.lst
Short/gcd_univar_p_alpha_s.tst,A,3,10058,3352,yes,Short/ok_s.lst
Short/gmssin_s.tst,A,64,7099,110,yes,Short/ok_s.lst
Short/homalg.tst,A,4,81047,20261,yes,Short/ok_s.lst
Short/invar_lib.tst,A,2,12630,6315,yes,Short/ok_s.lst
Short/issue1277.tst,A,176,4297,24,yes,Short/ok_s.lst
Short/issue1284.tst,A,1000,119,0,yes,Short/ok_s.lst
Short/issue1285.tst,A,1000,253,0,yes,Short/ok_s.lst
Short/issue1293.tst,A,1000,0,0,yes,Short/ok_s.lst
Short/liftstd_m.tst,A,1000,1213,1,yes,Short/ok_s.lst
Short/modules.tst,A,20,8256,412,yes,Short/ok_s.lst
Short/nets.tst,A,91,5935,65,yes,Short/ok_s.lst
Short/ncfactor_facNthShift1_s.tst,A,7,0,0,yes,Short/ok_s.lst
Short/ncfactor_landau_ex_s.tst,A,3,0,0,yes,Short/ok_s.lst
Short/ncfactor_multipleFacsSameTopAndBottom_s.tst,A,2,0,0,yes,Short/ok_s.lst
Short/ncfactor_nthweylringalt_s.tst,A,3,0,0,yes,Short/ok_s.lst
Short/ncfactor_SingerEx_s.tst,A,91,0,0,yes,Short/ok_s.lst
Short/ncfactor_buginterchange2_s.tst,A,13,0,0,yes,Short/ok_s.lst
Short/ncfactor_buginterchange_s.tst,A,4,0,0,yes,Short/ok_s.lst
Short/ncfactor_facSubWeyl1_s.tst,A,15,0,0,yes,Short/ok_s.lst
Short/ncfactor_facSubWeyl2_s.tst,A,15,0,0,yes,Short/ok_s.lst
Short/ncfactor_facSubWeyl3_s.tst,A,13,0,0,yes,Short/ok_s.lst
Short/ncfactor_facSubWeyl4_s.tst,A,13,0,0,yes,Short/ok_s.lst
Short/ncfactor_nthweylringalt2_s.tst,A,16,0,0,yes,Short/ok_s.lst
Short/ncfactor_usl2_reducible_bug_s.tst,A,3,0,0,yes,Short/ok_s.lst
Short/ncfactor_usl2_s.tst,A,23,0,0,yes,Short/ok_s.lst
Short/polyclass.tst,A,295,2263,7,yes,Short/ok_s.lst
Short/primdec3.tst,C,1,124042,124042,yes,Short/ok_s.lst
Short/reesclos.tst,A,8,8516,1064,yes,Short/ok_s.lst
Short/resources_s.tst,A,1000,3280,3,yes,Short/ok_s.lst
Short/nchilb_rcolon1.tst,A,257,860,3,yes,Short/ok_s.lst
Short/nchilb_test1.tst,A,250,975,3,yes,Short/ok_s.lst
Short/nchilb_test2.tst,A,257,843,3,yes,Short/ok_s.lst
Short/nchilb_test3.tst,A,264,633,2,yes,Short/ok_s.lst
Short/nchilb_test4.tst,A,250,883,3,yes,Short/ok_s.lst
Short/nchilb_test5.tst,A,228,1782,7,yes,Short/ok_s.lst
Short/combinat.tst,A,834,7283,8,yes,Short/ok_s.lst
Short/methods.tst,A,1000,2705,2,yes,Short/ok_s.lst
Short/sagbi2.tst,A,19,8057,424,yes,Short/ok_s.lst
Short/sets.tst,A,304,7391,24,yes,Short/ok_s.lst
Short/ssi_Z.tst,A,1000,3907,3,yes,Short/ok_s.lst
Short/ssi_ringref.tst,A,1000,671,0,yes,Short/ok_s.lst
Short/puiseuxexpansion.tst,A,73,4561,62,yes,Short/ok_s.lst
Short/vdim_overflow.tst,A,3,12387,4129,yes,Short/ok_s.lst
Short/bug_pr1252.tst,A,304,2373,7,yes,Short/ok_s.lst
Short/poly_div.tst,A,1000,799,0,yes,Short/ok_s.lst
Old/aa.tst,A,1000,1,0,yes,Old/universal.lst
Old/alex1.tst,A,770,8318,10,yes,Old/universal.lst
Old/alex2.tst,A,37,8860,239,yes,Old/universal.lst
Old/algnorm.tst,A,1000,1991,1,yes,Old/universal.lst
Old/barei.tst,A,1000,2318,2,yes,Old/universal.lst
Old/bett.tst,A,1000,1072,1,yes,Old/universal.lst
Old/betti.tst,A,1000,947,0,yes,Old/universal.lst
Old/binomial.tst,A,1000,1582,1,yes,Old/universal.lst
Old/bluff.tst,A,1000,774,0,yes,Old/universal.lst
Old/ch.tst,A,1000,1008,1,yes,Old/universal.lst
Old/cmp.tst,A,36,8401,233,yes,Old/universal.lst
Old/coef.tst,A,1000,1121,1,yes,Old/universal.lst
Old/coeff.tst,A,1000,1061,1,yes,Old/universal.lst
Old/col.tst,A,1000,978,0,yes,Old/universal.lst
Old/comp.tst,A,1000,205,0,yes,Old/universal.lst
Old/corner.tst,A,334,2165,6,yes,Old/universal.lst
Old/cring.tst,A,1000,3490,3,yes,Old/universal.lst
Old/curve.tst,A,1000,950,0,yes,Old/universal.lst
Old/cyclic.tst,A,55,8771,159,yes,Old/universal.lst
Old/def.tst,A,1000,949,0,yes,Old/universal.lst
Old/deg.tst,A,1000,498,0,yes,Old/universal.lst
Old/degre.tst,A,1000,7089,7,yes,Old/universal.lst
Old/det.tst,A,1000,221,0,yes,Old/universal.lst
Old/dimens.tst,A,1000,1314,1,yes,Old/universal.lst
Old/dups.tst,A,1000,1,0,yes,Old/universal.lst
Old/ech.tst,A,1000,166,0,yes,Old/universal.lst
Old/err1.tst,A,1000,1,0,yes,Old/universal.lst
Old/err2.tst,A,1000,0,0,yes,Old/universal.lst
Old/err3.tst,A,193,1,0,yes,Old/universal.lst
Old/err4.tst,A,1000,3,0,yes,Old/universal.lst
Old/err5.tst,A,1000,5932,5,yes,Old/universal.lst
Old/err6.tst,A,1000,1762,1,yes,Old/universal.lst
Old/err7.tst,A,1000,1816,1,yes,Old/universal.lst
Old/execut.tst,A,1000,1080,1,yes,Old/universal.lst
Old/factor.tst,A,334,8222,24,yes,Old/universal.lst
Old/fak.tst,A,233,7611,32,yes,Old/universal.lst
Old/fastelim.tst,FAIL,0,0,0,no,Old/universal.lst
Old/fetch.tst,A,34,8288,243,yes,Old/universal.lst
Old/firsts.tst,A,1000,696,0,yes,Old/universal.lst
Old/formmat.tst,A,1000,1465,1,yes,Old/universal.lst
Old/freemod.tst,A,1000,823,0,yes,Old/universal.lst
Old/generat.tst,A,1000,949,0,yes,Old/universal.lst
Old/gm.tst,A,63,8669,137,yes,Old/universal.lst
Old/h4.tst,A,250,8392,33,yes,Old/universal.lst
Old/hilb.tst,A,53,8215,155,yes,Old/universal.lst
Old/hilbert.tst,A,1000,1195,1,yes,Old/universal.lst
Old/homo.tst,A,1000,977,0,yes,Old/universal.lst
Old/idea.tst,A,1000,780,0,yes,Old/universal.lst
Old/ideal.tst,A,1000,911,0,yes,Old/universal.lst
Old/idealop.tst,A,1000,1042,1,yes,Old/universal.lst
Old/if.tst,A,1000,160,0,yes,Old/universal.lst
Old/imap.tst,A,1000,205,0,yes,Old/universal.lst
Old/index.tst,A,1000,1126,1,yes,Old/universal.lst
Old/initial.tst,A,1000,1006,1,yes,Old/universal.lst
Old/inoutlib.tst,A,500,2232,4,yes,Old/universal.lst
Old/integ.tst,A,1000,184,0,yes,Old/universal.lst
Old/integers.tst,A,1000,3,0,yes,Old/universal.lst
Old/interred.tst,A,1000,1001,1,yes,Old/universal.lst
Old/intersec.tst,A,1000,1878,1,yes,Old/universal.lst
Old/intmat.tst,A,1000,0,0,yes,Old/universal.lst
Old/intvec.tst,A,1000,0,0,yes,Old/universal.lst
Old/jacobi.tst,A,1000,1,0,yes,Old/universal.lst
Old/jet.tst,A,1000,694,0,yes,Old/universal.lst
Old/jett.tst,A,1000,1345,1,yes,Old/universal.lst
Old/kbas.tst,A,1000,1203,1,yes,Old/universal.lst
Old/kil.tst,A,1000,1,0,yes,Old/universal.lst
Old/koszul.tst,A,1000,7795,7,yes,Old/universal.lst
Old/lamm.tst,A,197,4255,21,yes,Old/universal.lst
Old/lif.tst,A,1000,1561,1,yes,Old/universal.lst
Old/liftstan.tst,A,1000,1,0,yes,Old/universal.lst
Old/liste.tst,A,1000,1054,1,yes,Old/universal.lst
Old/lists.tst,A,1000,754,0,yes,Old/universal.lst
Old/longalg.tst,A,834,13,0,yes,Old/universal.lst
Old/lpowers.tst,A,1000,504,0,yes,Old/universal.lst
Old/m100si.tst,A,1000,50,0,yes,Old/universal.lst
Old/m101si.tst,A,1000,104,0,yes,Old/universal.lst
Old/m102si.tst,A,1000,47,0,yes,Old/universal.lst
Old/m103si.tst,A,1000,68,0,yes,Old/universal.lst
Old/m104si.tst,A,1000,69,0,yes,Old/universal.lst
Old/m105si.tst,A,1000,79,0,yes,Old/universal.lst
Old/m106si.tst,A,1000,199,0,yes,Old/universal.lst
Old/m107si.tst,A,1000,19,0,yes,Old/universal.lst
Old/m108si.tst,A,1000,116,0,yes,Old/universal.lst
Old/m109si.tst,A,1000,105,0,yes,Old/universal.lst
Old/m10ex.tst,FAIL,0,0,0,no,Old/universal.lst
Old/m10si.tst,A,1000,853,0,yes,Old/universal.lst
Old/m110si.tst,A,1000,401,0,yes,Old/universal.lst
Old/m111si.tst,A,1000,23,0,yes,Old/universal.lst
Old/m112si.tst,A,1000,280,0,yes,Old/universal.lst
Old/m113si.tst,A,1000,1498,1,yes,Old/universal.lst
Old/m114si.tst,A,182,8193,45,yes,Old/universal.lst
Old/m115si.tst,A,715,7007,9,yes,Old/universal.lst
Old/m116si.tst,A,1000,23,0,yes,Old/universal.lst
Old/m117si.tst,A,1000,117,0,yes,Old/universal.lst
Old/m118si.tst,A,1000,75,0,yes,Old/universal.lst
Old/m119si.tst,A,1000,147,0,yes,Old/universal.lst
Old/m11ex.tst,A,244,2655,10,yes,Old/universal.lst
Old/m11si.tst,A,1000,73,0,yes,Old/universal.lst
Old/m120si.tst,A,1000,132,0,yes,Old/universal.lst
Old/m121si.tst,A,1000,58,0,yes,Old/universal.lst
Old/m122si.tst,A,186,8030,43,yes,Old/universal.lst
Old/m123si.tst,A,1000,1591,1,yes,Old/universal.lst
Old/m124si.tst,A,1000,2061,2,yes,Old/universal.lst
Old/m125si.tst,A,1000,109,0,yes,Old/universal.lst
Old/m126si.tst,A,1000,120,0,yes,Old/universal.lst
Old/m127si.tst,A,1000,91,0,yes,Old/universal.lst
Old/m128si.tst,A,1000,32,0,yes,Old/universal.lst
Old/m129si.tst,A,1000,35,0,yes,Old/universal.lst
Old/m12ex.tst,FAIL,0,0,0,no,Old/universal.lst
Old/m12si.tst,A,1000,814,0,yes,Old/universal.lst
Old/m130si.tst,A,1000,46,0,yes,Old/universal.lst
Old/m131si.tst,A,1000,55,0,yes,Old/universal.lst
Old/m132si.tst,A,1000,109,0,yes,Old/universal.lst
Old/m133si.tst,A,1000,795,0,yes,Old/universal.lst
Old/m134si.tst,A,1000,1358,1,yes,Old/universal.lst
Old/m135si.tst,A,1000,96,0,yes,Old/universal.lst
Old/m136si.tst,A,1000,112,0,yes,Old/universal.lst
Old/m137si.tst,A,1000,123,0,yes,Old/universal.lst
Old/m138si.tst,A,1000,38,0,yes,Old/universal.lst
Old/m139si.tst,A,278,9068,32,yes,Old/universal.lst
Old/m13ex.tst,A,1000,541,0,yes,Old/universal.lst
Old/m13si.tst,A,1000,106,0,yes,Old/universal.lst
Old/m140si.tst,A,1000,289,0,yes,Old/universal.lst
Old/m141si.tst,A,1000,1743,1,yes,Old/universal.lst
Old/m142si.tst,A,1000,1,0,yes,Old/universal.lst
Old/m143si.tst,A,1000,60,0,yes,Old/universal.lst
Old/m144si.tst,A,1000,778,0,yes,Old/universal.lst
Old/m145si.tst,A,1000,119,0,yes,Old/universal.lst
Old/m146si.tst,A,1000,232,0,yes,Old/universal.lst
Old/m147si.tst,A,1000,28,0,yes,Old/universal.lst
Old/m148si.tst,A,1000,97,0,yes,Old/universal.lst
Old/m149si.tst,A,1000,129,0,yes,Old/universal.lst
Old/m14si.tst,A,1000,62,0,yes,Old/universal.lst
Old/m150si.tst,A,1000,17,0,yes,Old/universal.lst
Old/m151si.tst,A,1000,88,0,yes,Old/universal.lst
Old/m153si.tst,A,371,1561,4,yes,Old/universal.lst
Old/m154si.tst,A,1000,11,0,yes,Old/universal.lst
Old/m15ex.tst,A,121,5882,48,yes,Old/universal.lst
Old/m15si.tst,A,1000,44,0,yes,Old/universal.lst
Old/m16ex.tst,A,122,0,0,no,Old/universal.lst
Old/m16si.tst,A,1000,141,0,yes,Old/universal.lst
Old/m17ex.tst,A,1000,1837,1,yes,Old/universal.lst
Old/m17si.tst,A,1000,25,0,yes,Old/universal.lst
Old/m18ex.tst,A,127,5776,45,yes,Old/universal.lst
Old/m18si.tst,A,1000,115,0,yes,Old/universal.lst
Old/m19ex.tst,A,73,7203,98,yes,Old/universal.lst
Old/m19si.tst,A,1000,43,0,yes,Old/universal.lst
Old/m1ex.tst,A,1000,8284,8,yes,Old/universal.lst
Old/m1si.tst,A,1000,41,0,yes,Old/universal.lst
Old/m1st.tst,A,1000,963,0,yes,Old/universal.lst
Old/m20si.tst,A,1000,85,0,yes,Old/universal.lst
Old/m21si.tst,A,1000,201,0,yes,Old/universal.lst
Old/m22si.tst,A,1000,108,0,yes,Old/universal.lst
Old/m23si.tst,A,1000,65,0,yes,Old/universal.lst
Old/m24si.tst,A,244,8751,35,yes,Old/universal.lst
Old/m27si.tst,A,1000,4283,4,yes,Old/universal.lst
Old/m28si.tst,A,1000,790,0,yes,Old/universal.lst
Old/m29si.tst,A,1000,172,0,yes,Old/universal.lst
Old/m2ex.tst,A,1000,3741,3,yes,Old/universal.lst
Old/m2si.tst,A,1000,39,0,yes,Old/universal.lst
Old/m30si.tst,A,1000,36,0,yes,Old/universal.lst
Old/m31si.tst,A,1000,52,0,yes,Old/universal.lst
Old/m32si.tst,A,1000,47,0,yes,Old/universal.lst
Old/m33si.tst,A,1000,50,0,yes,Old/universal.lst
Old/m34si.tst,A,1000,32,0,yes,Old/universal.lst
Old/m35si.tst,A,1000,162,0,yes,Old/universal.lst
Old/m36si.tst,A,1000,156,0,yes,Old/universal.lst
Old/m37si.tst,A,1000,73,0,yes,Old/universal.lst
Old/m38si.tst,A,1000,106,0,yes,Old/universal.lst
Old/m39si.tst,A,1000,205,0,yes,Old/universal.lst
Old/m3ex.tst,A,286,3215,11,yes,Old/universal.lst
Old/m3si.tst,A,1000,788,0,yes,Old/universal.lst
Old/m40si.tst,A,1000,217,0,yes,Old/universal.lst
Old/m41si.tst,A,1000,231,0,yes,Old/universal.lst
Old/m42si.tst,A,1000,807,0,yes,Old/universal.lst
Old/m43si.tst,A,1000,19,0,yes,Old/universal.lst
Old/m44si.tst,A,1000,423,0,yes,Old/universal.lst
Old/m45si.tst,A,1000,389,0,yes,Old/universal.lst
Old/m46si.tst,A,1000,42,0,yes,Old/universal.lst
Old/m47si.tst,A,1000,311,0,yes,Old/universal.lst
Old/m48si.tst,A,1000,4280,4,yes,Old/universal.lst
Old/m49si.tst,A,1000,61,0,yes,Old/universal.lst
Old/m4ex.tst,A,1000,1220,1,yes,Old/universal.lst
Old/m4si.tst,A,1000,61,0,yes,Old/universal.lst
Old/m50si.tst,A,1000,81,0,yes,Old/universal.lst
Old/m51si.tst,A,1000,188,0,yes,Old/universal.lst
Old/m52si.tst,A,1000,829,0,yes,Old/universal.lst
Old/m53si.tst,A,1000,73,0,yes,Old/universal.lst
Old/m54si.tst,A,1000,57,0,yes,Old/universal.lst
Old/m55si.tst,A,1000,128,0,yes,Old/universal.lst
Old/m56si.tst,A,1000,56,0,yes,Old/universal.lst
Old/m57si.tst,A,1000,85,0,yes,Old/universal.lst
Old/m58si.tst,A,1000,121,0,yes,Old/universal.lst
Old/m59si.tst,A,1000,90,0,yes,Old/universal.lst
Old/m5ex.tst,A,295,2373,8,yes,Old/universal.lst
Old/m5si.tst,A,1000,58,0,yes,Old/universal.lst
Old/m60si.tst,A,1000,492,0,yes,Old/universal.lst
Old/m61si.tst,A,1000,153,0,yes,Old/universal.lst
Old/m62si.tst,A,1000,178,0,yes,Old/universal.lst
Old/m63si.tst,A,1000,473,0,yes,Old/universal.lst
Old/m64si.tst,A,1000,367,0,yes,Old/universal.lst
Old/m65si.tst,A,1000,354,0,yes,Old/universal.lst
Old/m66si.tst,A,1000,31,0,yes,Old/universal.lst
Old/m67si.tst,A,1000,58,0,yes,Old/universal.lst
Old/m68si.tst,A,1000,981,0,yes,Old/universal.lst
Old/m69si.tst,A,1000,102,0,yes,Old/universal.lst
Old/m6ex.tst,A,176,4150,23,yes,Old/universal.lst
Old/m6si.tst,A,1000,58,0,yes,Old/universal.lst
Old/m70si.tst,A,1000,256,0,yes,Old/universal.lst
Old/m71si.tst,A,1000,116,0,yes,Old/universal.lst
Old/m72si.tst,A,1000,99,0,yes,Old/universal.lst
Old/m73si.tst,A,1000,265,0,yes,Old/universal.lst
Old/m74si.tst,A,1000,68,0,yes,Old/universal.lst
Old/m75si.tst,A,1000,187,0,yes,Old/universal.lst
Old/m76si.tst,A,1000,341,0,yes,Old/universal.lst
Old/m77si.tst,A,1000,801,0,yes,Old/universal.lst
Old/m78si.tst,A,1000,230,0,yes,Old/universal.lst
Old/m79si.tst,A,1000,117,0,yes,Old/universal.lst
Old/m7ex.tst,A,304,8047,26,yes,Old/universal.lst
Old/m7si.tst,A,1000,57,0,yes,Old/universal.lst
Old/m80si.tst,A,1000,150,0,yes,Old/universal.lst
Old/m81si.tst,A,1000,108,0,yes,Old/universal.lst
Old/m82si.tst,A,1000,64,0,yes,Old/universal.lst
Old/m83si.tst,A,1000,66,0,yes,Old/universal.lst
Old/m84si.tst,A,1000,922,0,yes,Old/universal.lst
Old/m85si.tst,A,1000,433,0,yes,Old/universal.lst
Old/m86si.tst,A,1000,74,0,yes,Old/universal.lst
Old/m88si.tst,A,1000,265,0,yes,Old/universal.lst
Old/m89si.tst,A,1000,169,0,yes,Old/universal.lst
Old/m8ex.tst,FAIL,0,0,0,no,Old/universal.lst
Old/m8si.tst,A,1000,38,0,yes,Old/universal.lst
Old/m90si.tst,A,129,8358,64,yes,Old/universal.lst
Old/m90si_1.tst,A,45,8474,188,yes,Old/universal.lst
Old/m91si.tst,A,1000,848,0,yes,Old/universal.lst
Old/m92si.tst,A,1000,130,0,yes,Old/universal.lst
Old/m93si.tst,A,667,6568,9,yes,Old/universal.lst
Old/m94si.tst,A,1000,304,0,yes,Old/universal.lst
Old/m95si.tst,A,1000,30,0,yes,Old/universal.lst
Old/m96si.tst,A,1000,946,0,yes,Old/universal.lst
Old/m97si.tst,A,1000,762,0,yes,Old/universal.lst
Old/m98si.tst,A,1000,65,0,yes,Old/universal.lst
Old/m99si.tst,A,1000,771,0,yes,Old/universal.lst
Old/m9ex.tst,A,1000,2218,2,yes,Old/universal.lst
Old/m9si.tst,A,1000,97,0,yes,Old/universal.lst
Old/map.tst,A,205,8237,40,yes,Old/universal.lst
Old/mapp.tst,A,1000,1116,1,yes,Old/universal.lst
Old/matr.tst,A,1000,0,0,yes,Old/universal.lst
Old/matrix.tst,A,286,0,0,yes,Old/universal.lst
Old/matrows.tst,A,1000,516,0,yes,Old/universal.lst
Old/maxdegr.tst,A,1000,257,0,yes,Old/universal.lst
Old/maxid.tst,A,527,1,0,yes,Old/universal.lst
Old/minbas.tst,A,1000,4385,4,yes,Old/universal.lst
Old/mino.tst,A,1000,1,0,yes,Old/universal.lst
Old/modu.tst,A,1000,366,0,yes,Old/universal.lst
Old/modul.tst,A,1000,189,0,yes,Old/universal.lst
Old/modul1.tst,A,1000,2,0,yes,Old/universal.lst
Old/modulo.tst,A,1000,1159,1,yes,Old/universal.lst
Old/mora1.tst,A,286,9277,32,yes,Old/universal.lst
Old/mora2.tst,A,271,8148,30,yes,Old/universal.lst
Old/moralex.tst,A,1000,431,0,yes,Old/universal.lst
Old/mre.tst,A,477,7414,15,yes,Old/universal.lst
Old/msect.tst,A,1000,2013,2,yes,Old/universal.lst
Old/mult.tst,A,1000,931,0,yes,Old/universal.lst
Old/namof.tst,A,1000,1,0,yes,Old/universal.lst
Old/nofile.tst,A,1000,58,0,yes,Old/universal.lst
Old/normalf.tst,A,1000,1207,1,yes,Old/universal.lst
Old/numvar.tst,A,1000,1187,1,yes,Old/universal.lst
Old/opt.tst,A,1000,968,0,yes,Old/universal.lst
Old/ord.tst,A,1000,2037,2,yes,Old/universal.lst
Old/order.tst,A,1000,1196,1,yes,Old/universal.lst
Old/palg.tst,A,125,5836,46,yes,Old/universal.lst
Old/part.tst,A,1000,1331,1,yes,Old/universal.lst
Old/permutat.tst,A,1000,0,0,yes,Old/universal.lst
Old/pol.tst,A,1000,331,0,yes,Old/universal.lst
Old/poly.tst,A,1000,1,0,yes,Old/universal.lst
Old/polylib.tst,A,186,3167,17,yes,Old/universal.lst
Old/preim.tst,A,1000,1596,1,yes,Old/universal.lst
Old/preimage.tst,A,1000,1271,1,yes,Old/universal.lst
Old/prim.tst,A,1000,837,0,yes,Old/universal.lst
Old/proc.tst,A,1000,1065,1,yes,Old/universal.lst
Old/qhw.tst,A,1000,1374,1,yes,Old/universal.lst
Old/qrin.tst,A,1000,635,0,yes,Old/universal.lst
Old/qring.tst,A,1000,687,0,yes,Old/universal.lst
Old/qring1.tst,A,1000,752,0,yes,Old/universal.lst
Old/quot.tst,A,1000,1451,1,yes,Old/universal.lst
Old/rang.tst,A,1000,890,0,yes,Old/universal.lst
Old/re.tst,A,625,7879,12,yes,Old/universal.lst
Old/redtail.tst,A,108,8471,78,yes,Old/universal.lst
Old/regr1.tst,A,1000,184,0,yes,Old/universal.lst
Old/regul.tst,A,4,9811,2452,yes,Old/universal.lst
Old/res.tst,A,193,8925,46,yes,Old/universal.lst
Old/res2.tst,A,137,8365,61,yes,Old/universal.lst
Old/ring.tst,A,1000,1,0,yes,Old/universal.lst
Old/ringdef.tst,A,1000,1,0,yes,Old/universal.lst
Old/ringlib.tst,A,200,2260,11,yes,Old/universal.lst
Old/rings.tst,A,1000,798,0,yes,Old/universal.lst
Old/row.tst,A,1000,860,0,yes,Old/universal.lst
Old/rvari.tst,A,1000,816,0,yes,Old/universal.lst
Old/sat.tst,A,1000,0,0,yes,Old/universal.lst
Old/setrin.tst,A,1000,856,0,yes,Old/universal.lst
Old/shor.tst,A,1000,116,0,yes,Old/universal.lst
Old/siz.tst,A,1000,912,0,yes,Old/universal.lst
Old/smm.tst,A,122,6814,55,yes,Old/universal.lst
Old/sre.tst,A,132,8349,63,yes,Old/universal.lst
Old/sres.tst,A,834,7394,8,yes,Old/universal.lst
Old/sstring.tst,A,1000,1,0,yes,Old/universal.lst
Old/std1.tst,A,1000,1354,1,yes,Old/universal.lst
Old/std_test.tst,A,21,8945,425,yes,Old/universal.lst
Old/stdhilb.tst,A,115,8267,71,yes,Old/universal.lst
Old/string.tst,A,1000,10,0,yes,Old/universal.lst
Old/subexpr.tst,A,1000,1,0,yes,Old/universal.lst
Old/subexpr1.tst,A,1000,0,0,yes,Old/universal.lst
Old/substit.tst,A,1000,521,0,yes,Old/universal.lst
Old/syzygies.tst,A,715,7971,11,yes,Old/universal.lst
Old/syzygy.tst,A,1000,1398,1,yes,Old/universal.lst
Old/teste.tst,A,1000,818,0,yes,Old/universal.lst
Old/time.tst,A,1000,189,0,yes,Old/universal.lst
Old/trac.tst,A,1000,1,0,yes,Old/universal.lst
Old/trans.tst,A,1000,0,0,yes,Old/universal.lst
Old/typ.tst,A,1000,1003,1,yes,Old/universal.lst
Old/typof.tst,A,1000,172,0,yes,Old/universal.lst
Old/va.tst,A,1000,0,0,yes,Old/universal.lst
Old/varlist.tst,A,1000,165,0,yes,Old/universal.lst
Old/vdimen.tst,A,1000,455,0,yes,Old/universal.lst
Old/vec.tst,A,1000,311,0,yes,Old/universal.lst
Old/wedg.tst,A,1000,0,0,yes,Old/universal.lst
Old/weight.tst,A,1000,2293,2,yes,Old/universal.lst
Old/weight2.tst,A,141,8569,60,yes,Old/universal.lst
Old/zahlen0.tst,A,30,367,12,yes,Old/universal.lst
Buch/Example_1_1_8.tst,A,1000,707,0,yes,Buch/buch.lst
Buch/Example_1_1_9.tst,A,1000,65,0,yes,Buch/buch.lst
Buch/Example_1_1_10.tst,A,1000,172,0,yes,Buch/buch.lst
Buch/Example_1_2_12.tst,A,1000,514,0,yes,Buch/buch.lst
Buch/Example_1_2_3.tst,A,1000,115,0,yes,Buch/buch.lst
Buch/Example_1_3_13.tst,A,1000,4327,4,yes,Buch/buch.lst
Buch/Example_1_3_15.tst,A,162,6181,38,yes,Buch/buch.lst
Buch/Example_1_3_3.tst,A,218,4236,19,yes,Buch/buch.lst
Buch/Example_1_4_9.tst,A,1000,477,0,yes,Buch/buch.lst
Buch/Example_1_5_9.tst,A,1000,271,0,yes,Buch/buch.lst
Buch/Example_1_6_13.tst,A,1000,241,0,yes,Buch/buch.lst
Buch/Example_1_7_9.tst,A,1000,742,0,yes,Buch/buch.lst
Buch/Example_1_8_1.tst,A,1000,251,0,yes,Buch/buch.lst
Buch/Example_1_8_11.tst,A,1000,353,0,yes,Buch/buch.lst
Buch/Example_1_8_13.tst,A,1000,506,0,yes,Buch/buch.lst
Buch/Example_1_8_15.tst,A,400,902,2,yes,Buch/buch.lst
Buch/Example_1_8_18.tst,A,1000,379,0,yes,Buch/buch.lst
Buch/Example_1_8_19.tst,A,358,1605,4,yes,Buch/buch.lst
Buch/Example_1_8_2.tst,A,1000,442,0,yes,Buch/buch.lst
Buch/Example_1_8_20.tst,A,345,1626,4,yes,Buch/buch.lst
Buch/Example_1_8_4.tst,A,1000,1163,1,yes,Buch/buch.lst
Buch/Example_1_8_6.tst,A,1000,195,0,yes,Buch/buch.lst
Buch/Example_1_8_7.tst,A,136,5666,41,yes,Buch/buch.lst
Buch/Example_1_8_9.tst,A,358,3799,10,yes,Buch/buch.lst
Buch/Example_2_1_12.tst,A,1000,232,0,yes,Buch/buch.lst
Buch/Example_2_1_19.tst,A,1000,464,0,yes,Buch/buch.lst
Buch/Example_2_1_23.tst,A,1000,129,0,yes,Buch/buch.lst
Buch/Example_2_1_25.tst,A,1000,1402,1,yes,Buch/buch.lst
Buch/Example_2_1_33.tst,A,1000,80,0,yes,Buch/buch.lst
Buch/Example_2_1_6.tst,A,1000,948,0,yes,Buch/buch.lst
Buch/Example_2_1_9.tst,A,1000,157,0,yes,Buch/buch.lst
Buch/Example_2_2_13.tst,A,1000,175,0,yes,Buch/buch.lst
Buch/Example_2_3_11.tst,A,1000,502,0,yes,Buch/buch.lst
Buch/Example_2_3_9.tst,A,1000,135,0,yes,Buch/buch.lst
Buch/Example_2_4_12.tst,A,1000,657,0,yes,Buch/buch.lst
Buch/Example_2_5_13.tst,A,1000,892,0,yes,Buch/buch.lst
Buch/Example_2_5_3.tst,A,1000,248,0,yes,Buch/buch.lst
Buch/Example_2_6_11.tst,A,385,1349,3,yes,Buch/buch.lst
Buch/Example_2_6_15.tst,A,345,28,0,yes,Buch/buch.lst
Buch/Example_2_6_3.tst,A,1000,856,0,yes,Buch/buch.lst
Buch/Example_2_7_14.tst,A,1000,535,0,yes,Buch/buch.lst
Buch/Example_2_7_5.tst,A,1000,965,0,yes,Buch/buch.lst
Buch/Example_2_7_9.tst,A,385,1519,3,yes,Buch/buch.lst
Buch/Example_2_8_1.tst,A,1000,367,0,yes,Buch/buch.lst
Buch/Example_2_8_2.tst,A,1000,149,0,yes,Buch/buch.lst
Buch/Example_2_8_3.tst,A,1000,358,0,yes,Buch/buch.lst
Buch/Example_2_8_4.tst,A,1000,1249,1,yes,Buch/buch.lst
Buch/Example_3_1_4.tst,A,1000,3560,3,yes,Buch/buch.lst
Buch/Example_3_1_6.tst,A,295,2754,9,yes,Buch/buch.lst
Buch/Example_3_2_3.tst,A,80,5858,73,yes,Buch/buch.lst
Buch/Example_3_3_13.tst,A,1000,144,0,yes,Buch/buch.lst
Buch/Example_3_3_8.tst,A,170,6037,35,yes,Buch/buch.lst
Buch/Example_3_4_5.tst,A,417,610,1,yes,Buch/buch.lst
Buch/Example_3_5_15.tst,A,233,5223,22,yes,Buch/buch.lst
Buch/Example_3_5_5.tst,A,1000,882,0,yes,Buch/buch.lst
Buch/Example_3_5_9.tst,A,1000,413,0,yes,Buch/buch.lst
Buch/Example_3_6_11.tst,A,250,4800,19,yes,Buch/buch.lst
Buch/Example_3_6_9.tst,A,83,5694,68,yes,Buch/buch.lst
Buch/Example_4_2_5.tst,A,1000,310,0,yes,Buch/buch.lst
Buch/Example_4_2_6.tst,A,1000,3413,3,yes,Buch/buch.lst
Buch/Example_4_3_2.tst,A,1000,2153,2,yes,Buch/buch.lst
Buch/Example_4_3_3.tst,A,1000,6024,6,yes,Buch/buch.lst
Buch/Example_4_4_3.tst,A,1000,1193,1,yes,Buch/buch.lst
Buch/Example_4_4_8.tst,A,1000,2068,2,yes,Buch/buch.lst
Buch/Example_4_5_3.tst,A,1000,1406,1,yes,Buch/buch.lst
Buch/Example_5_2_4.tst,A,1000,2145,2,yes,Buch/buch.lst
Buch/Example_5_5_11.tst,A,1000,2859,2,yes,Buch/buch.lst
Buch/Example_5_7_6.tst,A,115,6851,59,yes,Buch/buch.lst
Buch/Example_6_1_3.tst,A,1000,206,0,yes,Buch/buch.lst
Buch/Example_6_2_10.tst,A,1000,642,0,yes,Buch/buch.lst
Buch/Example_6_2_15.tst,A,1000,177,0,yes,Buch/buch.lst
Buch/Example_6_2_4.tst,A,1000,91,0,yes,Buch/buch.lst
Buch/Example_7_1_5.tst,A,371,1855,5,yes,Buch/buch.lst
Buch/Example_7_2_6.tst,A,1000,519,0,yes,Buch/buch.lst
Buch/Example_7_2_9.tst,A,1000,676,0,yes,Buch/buch.lst
Buch/Example_7_3_12.tst,A,1000,607,0,yes,Buch/buch.lst
Buch/Example_7_3_14.tst,A,1000,1263,1,yes,Buch/buch.lst
Buch/Example_7_3_17.tst,A,244,3125,12,yes,Buch/buch.lst
Buch/Example_7_5_2.tst,A,371,1918,5,yes,Buch/buch.lst
Buch/Example_7_6_17.tst,A,286,3221,11,yes,Buch/buch.lst
Buch/Example_7_6_3.tst,A,1000,578,0,yes,Buch/buch.lst
Buch/Example_7_7_8.tst,A,223,5698,25,yes,Buch/buch.lst
Buch/Example_7_8_4.tst,A,313,2280,7,yes,Buch/buch.lst
Buch/Example_7_8_7.tst,A,385,3647,9,yes,Buch/buch.lst
Buch/Example_7_9_6.tst,A,1000,552,0,yes,Buch/buch.lst
Buch/Proc_3_7_1.tst,A,371,1674,4,yes,Buch/buch.lst
Buch/Proc_3_7_2.tst,A,1000,262,0,yes,Buch/buch.lst
Buch/Proc_3_7_3.tst,A,205,5506,26,yes,Buch/buch.lst
Buch/Proc_4_6.tst,A,3,9384,3128,yes,Buch/buch.lst
Buch/Example_1_9_13.tst,A,1000,183,0,yes,Buch/buch.lst
Buch/Example_1_9_20.tst,A,189,4743,25,yes,Buch/buch.lst
Buch/Example_1_9_22.tst,A,186,4697,25,yes,Buch/buch.lst
Buch/Example_1_9_23.tst,A,186,4703,25,yes,Buch/buch.lst
Buch/Example_1_9_24.tst,A,189,4749,25,yes,Buch/buch.lst
Buch/Example_1_9_25.tst,A,35,8043,229,yes,Buch/buch.lst
Buch/Example_1_9_28.tst,A,134,65,0,yes,Buch/buch.lst
Buch/Example_1_9_29.tst,A,1000,1,0,yes,Buch/buch.lst
Buch/Example_1_9_3.tst,A,1000,211,0,yes,Buch/buch.lst
Buch/Example_1_9_30.tst,A,186,4788,25,yes,Buch/buch.lst
Buch/Example_1_9_31.tst,A,173,4886,28,yes,Buch/buch.lst
Buch/Example_1_9_32.tst,A,182,4739,26,yes,Buch/buch.lst
Buch/Example_1_9_33.tst,A,1000,342,0,yes,Buch/buch.lst
Buch/Example_1_9_34.tst,A,143,5506,38,yes,Buch/buch.lst
Buch/Example_4_6_26.tst,A,271,8111,29,yes,Buch/buch.lst
Buch/Example_4_7_7.tst,A,157,6127,39,yes,Buch/buch.lst
Buch/Example_B_5_10.tst,A,1000,1929,1,yes,Buch/buch.lst
Buch/Example_B_6_12.tst,A,1000,676,0,yes,Buch/buch.lst
Buch/Example_B_6_2.tst,A,1000,5200,5,yes,Buch/buch.lst
Buch/Example_B_6_4.tst,A,1000,273,0,yes,Buch/buch.lst
Buch/Example_B_7_5.tst,A,148,8388,56,yes,Buch/buch.lst
Long/allres_l.tst,A,1000,1,0,yes,Long/ok_l.lst
Long/bardet_probl_l.tst,A,2,16182,8091,yes,Long/ok_l.lst
Long/bug_4.tst,C,1,111006,111006,yes,Long/ok_l.lst
Long/bug_39.tst,A,770,7140,9,yes,Long/ok_l.lst
Long/bug_45.tst,A,91,8343,91,yes,Long/ok_l.lst
Long/bug_tr164.tst,FAIL,0,0,0,no,Long/ok_l.lst
Long/bug_res.tst,A,278,3,0,yes,Long/ok_l.lst
Long/brnoeth_l.tst,FAIL,0,0,0,no,Long/ok_l.lst
Long/charseries_l.tst,FAIL,0,0,0,no,Long/ok_l.lst
Long/classify_l.tst,A,14,180,12,yes,Long/ok_l.lst
Long/classify2.tst,C,1,121326,121326,yes,Long/ok_l.lst
Long/cyclic-sba_l.tst,C,1,56383,56383,yes,Long/ok_l.lst
Long/deform_l.tst,A,5,9498,1899,yes,Long/ok_l.lst
Long/det_minor.tst,A,11,8915,810,yes,Long/ok_l.lst
Long/eco-sba_l.tst,FAIL,0,0,0,no,Long/ok_l.lst
Long/eliminate_2.tst,A,2,10638,5319,yes,Long/ok_l.lst
Long/eliminate_6.tst,A,2,11084,5542,yes,Long/ok_l.lst
Long/eliminate_8.tst,A,4,11265,2816,yes,Long/ok_l.lst
Long/factorizep_l.tst,C,1,35917,35917,yes,Long/ok_l.lst
Long/factorizeQ_l.tst,C,1,196217,196217,yes,Long/ok_l.lst
Long/factorizeQa_l.tst,C,1,77149,77149,yes,Long/ok_l.lst
Long/fetch_l.tst,A,35,8749,249,yes,Long/ok_l.lst
Long/fglm1_l.tst,A,14,8663,618,yes,Long/ok_l.lst
Long/fglmquot1_l.tst,A,4,8954,2238,yes,Long/ok_l.lst
Long/finvar_l.tst,C,1,112204,112204,yes,Long/ok_l.lst
Long/finvar2_l.tst,C,1,11229,11229,yes,Long/ok_l.lst
Long/fres_l.tst,C,1,28998,28998,yes,Long/ok_l.lst
Long/gcd0_l.tst,A,50,15,0,yes,Long/ok_l.lst
Long/gcdp_l.tst,A,38,8,0,yes,Long/ok_l.lst
Long/gcd_univar_p_create.tst,C,1,37430,37430,yes,Long/ok_l.lst
Long/gmssin_l.tst,A,2,11942,5971,yes,Long/ok_l.lst
Long/groebner_l.tst,A,17,8913,524,yes,Long/ok_l.lst
Long/hnoether_l.tst,A,2,69,34,yes,Long/ok_l.lst
Long/homtest.tst,A,2,11291,5645,yes,Long/ok_l.lst
Long/hres_l.tst,A,14,9061,647,yes,Long/ok_l.lst
Long/intdet_l.tst,A,20,8479,423,yes,Long/ok_l.lst
Long/jmsconst.tst,C,1,55998,55998,yes,Long/ok_l.lst
Long/lres_l.tst,A,58,8478,146,yes,Long/ok_l.lst
Long/makedbm_l.tst,A,1000,7511,7,yes,Long/ok_l.lst
Long/minor_l.tst,A,59,8464,143,yes,Long/ok_l.lst
